"Date","Price","Open","High","Low","Vol.","Change %"
"06/28/2024","82.55","82.55","82.55","82.55","","0.07%"
"06/27/2024","82.49","82.49","82.49","82.49","","0.03%"
"06/26/2024","82.47","82.47","82.47","82.47","","0.05%"
"06/25/2024","82.42","82.42","82.42","82.42","","-0.22%"
"06/24/2024","82.60","82.60","82.60","82.60","","0.22%"
"06/21/2024","82.42","82.42","82.42","82.42","","-0.18%"
"06/20/2024","82.57","82.57","82.57","82.57","","0.10%"
"06/18/2024","82.49","82.49","82.49","82.49","","0.41%"
"06/17/2024","82.15","82.15","82.15","82.15","","0.76%"
"06/14/2024","81.53","81.53","81.53","81.53","","-0.09%"
"06/13/2024","81.60","81.60","81.60","81.60","","-0.10%"
"06/12/2024","81.68","81.68","81.68","81.68","","0.40%"
"06/11/2024","81.36","81.36","81.36","81.36","","0.12%"
"06/10/2024","81.26","81.26","81.26","81.26","","1.84%"
"06/07/2024","79.79","79.79","79.79","79.79","","-0.27%"
"06/06/2024","80.01","80.01","80.01","80.01","","1.45%"
"06/05/2024","78.87","78.87","78.87","78.87","","0.52%"
"06/04/2024","78.46","78.46","78.46","78.46","","-0.90%"
"06/03/2024","79.17","79.17","79.17","79.17","","-5.79%"
"05/31/2024","84.04","84.03","84.03","84.03","","0.04%"
"05/30/2024","84.00","84.00","84.00","84.00","","-0.06%"
"05/29/2024","84.05","84.05","84.05","84.05","","-0.12%"
"05/28/2024","84.15","84.15","84.15","84.15","","0.39%"
"05/24/2024","83.83","83.83","83.83","83.83","","0.22%"
"05/23/2024","83.65","83.65","83.65","83.65","","-0.14%"
"05/22/2024","83.76","83.76","83.76","83.76","","-0.43%"
"05/21/2024","84.13","84.13","84.13","84.13","","-0.24%"
"05/20/2024","84.33","84.33","84.33","84.33","","-0.06%"
"05/17/2024","84.38","84.38","84.38","84.38","","0.52%"
"05/16/2024","83.94","83.94","83.94","83.94","","0.33%"
"05/15/2024","83.67","83.67","83.67","83.67","","0.13%"
"05/14/2024","83.56","83.56","83.56","83.56","","-0.70%"
"05/13/2024","84.14","84.14","84.14","84.14","","0.59%"
"05/10/2024","83.65","83.65","83.65","83.65","","-0.64%"
"05/09/2024","84.18","84.19","84.19","84.19","","0.03%"
"05/08/2024","84.16","84.16","84.16","84.16","","0.70%"
"05/07/2024","83.57","83.57","83.57","83.57","","0.02%"
"05/06/2024","83.56","83.56","83.56","83.56","","0.43%"
"05/03/2024","83.20","83.20","83.20","83.20","","-0.80%"
"05/02/2024","83.87","83.87","83.87","83.87","","0.49%"
"05/01/2024","83.46","83.46","83.46","83.46","","-6.41%"
"04/30/2024","89.17","89.17","89.17","89.17","","0.07%"
"04/29/2024","89.11","89.11","89.11","89.11","","-0.09%"
"04/26/2024","89.19","89.19","89.19","89.19","","0.00%"
"04/25/2024","89.18","89.19","89.19","89.19","","0.18%"
"04/24/2024","89.02","89.02","89.02","89.02","","-0.02%"
"04/23/2024","89.04","89.04","89.04","89.04","","0.35%"
"04/22/2024","88.72","88.72","88.72","88.72","","-0.10%"
"04/19/2024","88.82","88.81","88.81","88.81","","0.00%"
"04/18/2024","88.81","88.81","88.81","88.81","","-0.03%"
"04/17/2024","88.84","88.84","88.84","88.84","","-1.19%"
"04/16/2024","89.91","89.91","89.91","89.91","","-0.05%"
"04/15/2024","89.96","89.96","89.96","89.96","","-0.29%"
"04/12/2024","90.22","90.22","90.22","90.22","","0.48%"
"04/11/2024","89.79","89.79","89.79","89.79","","-0.38%"
"04/10/2024","90.13","90.13","90.13","90.13","","0.78%"
"04/09/2024","89.43","89.43","89.43","89.43","","-0.65%"
"04/08/2024","90.02","90.02","90.02","90.02","","-0.80%"
"04/05/2024","90.74","90.74","90.74","90.74","","0.24%"
"04/04/2024","90.53","90.53","90.53","90.53","","1.01%"
"04/03/2024","89.63","89.63","89.63","89.63","","0.43%"
"04/02/2024","89.24","89.24","89.24","89.24","","1.67%"
"04/01/2024","87.77","87.77","87.77","87.77","","4.30%"
"03/28/2024","84.15","84.15","84.15","84.15","","0.05%"
"03/27/2024","84.11","84.11","84.11","84.11","","-0.04%"
"03/26/2024","84.14","84.14","84.14","84.14","","-0.10%"
"03/25/2024","84.23","84.23","84.23","84.23","","0.24%"
"03/22/2024","84.03","84.03","84.03","84.03","","-0.13%"
"03/21/2024","84.14","84.14","84.14","84.14","","-0.01%"
"03/20/2024","84.15","84.15","84.15","84.15","","-0.56%"
"03/19/2024","84.62","84.62","84.62","84.62","","0.18%"
"03/18/2024","84.47","84.47","84.47","84.47","","0.78%"
"03/15/2024","83.82","83.82","83.82","83.82","","-0.10%"
"03/14/2024","83.90","83.90","83.90","83.90","","0.53%"
"03/13/2024","83.46","83.45","83.45","83.45","","1.59%"
"03/12/2024","82.14","82.14","82.14","82.14","","-0.16%"
"03/11/2024","82.28","82.28","82.28","82.28","","0.37%"
"03/08/2024","81.97","81.97","81.97","81.97","","-0.57%"
"03/07/2024","82.44","82.44","82.44","82.44","","0.03%"
"03/06/2024","82.42","82.42","82.42","82.42","","0.98%"
"03/05/2024","81.62","81.62","81.62","81.62","","-0.54%"
"03/04/2024","82.06","82.06","82.06","82.06","","-1.22%"
"03/01/2024","83.07","83.07","83.07","83.07","","2.71%"
"02/29/2024","80.88","80.88","80.88","80.88","","0.02%"
"02/28/2024","80.86","80.86","80.86","80.86","","-0.09%"
"02/27/2024","80.93","80.93","80.93","80.93","","0.12%"
"02/26/2024","80.83","80.83","80.83","80.83","","0.15%"
"02/23/2024","80.71","80.71","80.71","80.71","","-0.59%"
"02/22/2024","81.19","81.19","81.19","81.19","","0.21%"
"02/21/2024","81.02","81.02","81.02","81.02","","0.30%"
"02/20/2024","80.78","80.78","80.78","80.78","","-0.56%"
"02/16/2024","81.24","81.23","81.23","81.23","","0.26%"
"02/15/2024","81.02","81.02","81.02","81.02","","0.76%"
"02/14/2024","80.41","80.41","80.41","80.41","","-0.85%"
"02/13/2024","81.10","81.10","81.10","81.10","","0.63%"
"02/12/2024","80.59","80.59","80.59","80.59","","-0.09%"
"02/09/2024","80.66","80.66","80.66","80.66","","0.12%"
"02/08/2024","80.56","80.56","80.56","80.56","","2.17%"
"02/07/2024","78.85","78.85","78.85","78.85","","0.65%"
"02/06/2024","78.35","78.34","78.34","78.34","","0.34%"
"02/05/2024","78.08","78.08","78.08","78.08","","0.93%"
"02/02/2024","77.36","77.36","77.36","77.36","","-1.53%"
"02/01/2024","78.57","78.57","78.57","78.57","","-0.35%"
"01/31/2024","78.85","78.85","78.85","78.85","","0.02%"
"01/30/2024","78.83","78.83","78.83","78.83","","0.07%"
"01/29/2024","78.78","78.78","78.78","78.78","","-0.14%"
"01/26/2024","78.89","78.89","78.89","78.89","","0.10%"
"01/25/2024","78.81","78.81","78.81","78.81","","0.61%"
"01/24/2024","78.33","78.33","78.33","78.33","","0.20%"
"01/23/2024","78.18","78.18","78.18","78.18","","-0.16%"
"01/22/2024","78.30","78.30","78.30","78.30","","0.68%"
"01/19/2024","77.77","77.77","77.77","77.77","","-0.28%"
"01/18/2024","77.99","77.99","77.99","77.99","","0.71%"
"01/17/2024","77.45","77.45","77.45","77.45","","-0.32%"
"01/16/2024","77.70","77.70","77.70","77.70","","-0.23%"
"01/12/2024","77.88","77.88","77.88","77.88","","0.52%"
"01/11/2024","77.48","77.48","77.48","77.48","","0.57%"
"01/10/2024","77.04","77.04","77.04","77.04","","-0.48%"
"01/09/2024","77.41","77.41","77.41","77.41","","1.64%"
"01/08/2024","76.16","76.16","76.16","76.16","","-2.72%"
"01/05/2024","78.29","78.29","78.29","78.29","","1.49%"
"01/04/2024","77.14","77.14","77.14","77.14","","-1.36%"
"01/03/2024","78.20","78.20","78.20","78.20","","2.95%"
"01/02/2024","75.97","75.97","75.97","75.97","","-1.77%"
"12/29/2023","77.33","77.33","77.33","77.33","","0.05%"
"12/28/2023","77.29","77.29","77.29","77.29","","-0.13%"
"12/27/2023","77.39","77.39","77.39","77.39","","-0.26%"
"12/26/2023","77.59","77.59","77.59","77.59","","0.39%"
"12/22/2023","77.29","77.29","77.29","77.29","","0.03%"
"12/21/2023","77.27","77.27","77.27","77.27","","-0.13%"
"12/20/2023","77.36","77.36","77.36","77.36","","0.22%"
"12/19/2023","77.19","77.19","77.19","77.19","","0.62%"
"12/18/2023","76.72","76.72","76.72","76.72","","0.49%"
"12/15/2023","76.34","76.34","76.34","76.34","","0.05%"
"12/14/2023","76.30","76.30","76.30","76.30","","1.92%"
"12/13/2023","74.87","74.87","74.87","74.87","","-0.15%"
"12/12/2023","74.98","74.98","74.98","74.98","","-2.33%"
"12/11/2023","76.77","76.77","76.77","76.77","","0.33%"
"12/08/2023","76.51","76.51","76.51","76.51","","1.66%"
"12/07/2023","75.27","75.27","75.27","75.27","","-0.05%"
"12/06/2023","75.30","75.30","75.30","75.30","","-2.81%"
"12/05/2023","77.48","77.48","77.48","77.48","","-0.92%"
"12/04/2023","78.19","78.19","78.19","78.19","","-1.57%"
"12/01/2023","79.44","79.44","79.44","79.44","","-4.93%"
"11/30/2023","83.56","83.56","83.56","83.56","","0.08%"
"11/29/2023","83.49","83.49","83.49","83.49","","0.04%"
"11/28/2023","83.46","83.46","83.46","83.46","","0.17%"
"11/27/2023","83.32","83.32","83.32","83.32","","-0.09%"
"11/24/2023","83.40","83.40","83.40","83.40","","-0.44%"
"11/22/2023","83.76","83.76","83.76","83.76","","-0.19%"
"11/21/2023","83.92","83.92","83.92","83.92","","0.17%"
"11/20/2023","83.78","83.78","83.78","83.78","","0.84%"
"11/17/2023","83.08","83.08","83.08","83.08","","1.92%"
"11/16/2023","81.51","81.52","81.52","81.52","","-2.04%"
"11/15/2023","83.21","83.21","83.21","83.21","","-0.72%"
"11/14/2023","83.82","83.82","83.82","83.82","","-0.05%"
"11/13/2023","83.86","83.86","83.86","83.86","","0.61%"
"11/10/2023","83.35","83.35","83.35","83.35","","1.10%"
"11/09/2023","82.44","82.44","82.44","82.44","","0.29%"
"11/08/2023","82.20","82.20","82.20","82.20","","-1.65%"
"11/07/2023","83.58","83.58","83.58","83.58","","-3.17%"
"11/06/2023","86.32","86.33","86.33","86.33","","0.46%"
"11/03/2023","85.93","85.93","85.93","85.93","","-1.97%"
"11/02/2023","87.65","87.65","87.65","87.65","","2.83%"
"11/01/2023","85.24","85.24","85.24","85.24","","-5.04%"
"10/31/2023","89.76","89.76","89.76","89.76","","0.09%"
"10/30/2023","89.68","89.67","89.67","89.67","","-0.22%"
"10/27/2023","89.88","89.88","89.88","89.88","","0.26%"
"10/26/2023","89.64","89.64","89.64","89.64","","-0.43%"
"10/25/2023","90.02","90.02","90.02","90.02","","0.55%"
"10/24/2023","89.54","89.54","89.54","89.54","","-0.60%"
"10/23/2023","90.07","90.08","90.08","90.08","","-0.65%"
"10/20/2023","90.66","90.66","90.66","90.66","","-0.19%"
"10/19/2023","90.83","90.83","90.83","90.83","","0.34%"
"10/18/2023","90.53","90.53","90.53","90.53","","0.77%"
"10/17/2023","89.84","89.84","89.84","89.84","","0.26%"
"10/16/2023","89.61","89.61","89.61","89.61","","-0.57%"
"10/13/2023","90.12","90.12","90.12","90.12","","3.15%"
"10/12/2023","87.37","87.37","87.37","87.37","","0.18%"
"10/11/2023","87.21","87.21","87.21","87.21","","-1.14%"
"10/10/2023","88.22","88.22","88.22","88.22","","-0.36%"
"10/09/2023","88.54","88.53","88.53","88.53","","3.09%"
"10/06/2023","85.88","85.88","85.88","85.88","","0.44%"
"10/05/2023","85.50","85.50","85.50","85.50","","-1.64%"
"10/04/2023","86.93","86.93","86.93","86.93","","-4.92%"
"10/03/2023","91.43","91.43","91.43","91.43","","0.11%"
"10/02/2023","91.33","91.33","91.33","91.33","","-2.12%"
"09/29/2023","93.31","93.31","93.31","93.31","","0.16%"
"09/28/2023","93.16","93.16","93.16","93.16","","-0.11%"
"09/27/2023","93.26","93.26","93.26","93.26","","0.26%"
"09/26/2023","93.03","93.03","93.03","93.03","","0.12%"
"09/25/2023","92.91","92.91","92.91","92.91","","-0.15%"
"09/22/2023","93.05","93.05","93.05","93.05","","0.02%"
"09/21/2023","93.04","93.04","93.04","93.04","","-0.11%"
"09/20/2023","93.14","93.14","93.14","93.14","","-0.01%"
"09/19/2023","93.15","93.15","93.15","93.15","","-0.53%"
"09/18/2023","93.64","93.64","93.64","93.64","","0.10%"
"09/15/2023","93.56","93.56","93.56","93.56","","0.11%"
"09/14/2023","93.45","93.45","93.45","93.45","","1.37%"
"09/13/2023","92.18","92.18","92.18","92.18","","-0.17%"
"09/12/2023","92.34","92.34","92.34","92.34","","1.05%"
"09/11/2023","91.38","91.38","91.38","91.38","","0.01%"
"09/08/2023","91.37","91.37","91.37","91.37","","0.56%"
"09/07/2023","90.86","90.86","90.86","90.86","","-0.91%"
"09/06/2023","91.69","91.69","91.69","91.69","","0.98%"
"09/05/2023","90.80","90.80","90.80","90.80","","1.25%"
"09/01/2023","89.68","89.68","89.68","89.68","","3.72%"
"08/31/2023","86.46","86.47","86.47","86.47","","0.05%"
"08/30/2023","86.42","86.42","86.42","86.42","","-0.01%"
"08/29/2023","86.43","86.43","86.43","86.43","","0.05%"
"08/28/2023","86.39","86.39","86.39","86.39","","-0.02%"
"08/25/2023","86.40","86.40","86.40","86.40","","0.26%"
"08/24/2023","86.18","86.18","86.18","86.18","","0.11%"
"08/23/2023","86.09","86.09","86.09","86.09","","-0.22%"
"08/22/2023","86.28","86.28","86.28","86.28","","-0.10%"
"08/21/2023","86.36","86.36","86.36","86.36","","-0.09%"
"08/18/2023","86.44","86.44","86.44","86.44","","0.51%"
"08/17/2023","86.00","86.00","86.00","86.00","","0.37%"
"08/16/2023","85.68","85.68","85.68","85.68","","-0.82%"
"08/15/2023","86.39","86.39","86.39","86.39","","-0.93%"
"08/14/2023","87.20","87.20","87.20","87.20","","-0.48%"
"08/11/2023","87.63","87.63","87.63","87.63","","0.36%"
"08/10/2023","87.32","87.32","87.32","87.32","","-0.97%"
"08/09/2023","88.18","88.17","88.17","88.17","","0.80%"
"08/08/2023","87.47","87.47","87.47","87.47","","0.83%"
"08/07/2023","86.75","86.75","86.75","86.75","","-0.55%"
"08/04/2023","87.23","87.23","87.23","87.23","","1.21%"
"08/03/2023","86.18","86.19","86.19","86.19","","2.22%"
"08/02/2023","84.32","84.32","84.32","84.32","","-1.48%"
"08/01/2023","85.58","85.58","85.58","85.58","","6.38%"
"07/31/2023","80.44","80.44","80.44","80.44","","0.02%"
"07/28/2023","80.43","80.43","80.43","80.43","","0.02%"
"07/27/2023","80.42","80.42","80.42","80.42","","0.15%"
"07/26/2023","80.29","80.29","80.29","80.29","","-0.24%"
"07/25/2023","80.49","80.49","80.49","80.49","","0.23%"
"07/24/2023","80.30","80.30","80.30","80.30","","0.50%"
"07/21/2023","79.90","79.90","79.90","79.90","","0.61%"
"07/20/2023","79.41","79.41","79.41","79.41","","0.14%"
"07/19/2023","79.30","79.30","79.30","79.30","","-0.04%"
"07/18/2023","79.33","79.33","79.33","79.33","","0.64%"
"07/17/2023","78.83","78.83","78.83","78.83","","-0.61%"
"07/14/2023","79.31","79.31","79.31","79.31","","-0.72%"
"07/13/2023","79.89","79.89","79.89","79.89","","1.02%"
"07/12/2023","79.07","79.08","79.08","79.08","","0.36%"
"07/11/2023","78.79","78.80","78.80","78.80","","1.52%"
"07/10/2023","77.62","77.62","77.62","77.62","","-0.80%"
"07/07/2023","78.24","78.24","78.24","78.24","","2.23%"
"07/06/2023","76.54","76.54","76.54","76.54","","0.15%"
"07/05/2023","76.42","76.42","76.42","76.42","","2.02%"
"07/03/2023","74.91","74.91","74.91","74.91","","-0.11%"
"06/30/2023","74.99","74.99","74.99","74.99","","0.06%"
"06/29/2023","74.95","74.95","74.95","74.95","","0.02%"
"06/28/2023","74.94","74.94","74.94","74.94","","0.21%"
"06/27/2023","74.78","74.78","74.78","74.78","","-0.20%"
"06/26/2023","74.93","74.93","74.93","74.93","","0.07%"
"06/23/2023","74.88","74.88","74.88","74.88","","-0.05%"
"06/22/2023","74.91","74.91","74.91","74.91","","-1.04%"
"06/21/2023","75.70","75.70","75.70","75.70","","0.80%"
"06/20/2023","75.10","75.10","75.10","75.10","","-0.13%"
"06/16/2023","75.20","75.20","75.20","75.20","","0.68%"
"06/15/2023","74.69","74.69","74.69","74.69","","1.73%"
"06/14/2023","73.42","73.42","73.42","73.42","","-0.64%"
"06/13/2023","73.89","73.89","73.89","73.89","","2.06%"
"06/12/2023","72.41","72.41","72.41","72.41","","-2.66%"
"06/09/2023","74.38","74.38","74.38","74.38","","-1.09%"
"06/08/2023","75.20","75.20","75.20","75.20","","-0.84%"
"06/07/2023","75.83","75.83","75.83","75.83","","0.45%"
"06/06/2023","75.50","75.50","75.50","75.50","","0.48%"
"06/05/2023","75.14","75.14","75.14","75.14","","0.98%"
"06/02/2023","74.41","74.41","74.41","74.41","","2.27%"
"06/01/2023","72.75","72.75","72.75","72.75","","-2.90%"
"05/31/2023","74.93","74.92","74.92","74.92","","-0.03%"
"05/30/2023","74.95","74.95","74.95","74.95","","-0.25%"
"05/26/2023","75.14","75.14","75.14","75.14","","0.19%"
"05/25/2023","75.00","75.00","75.00","75.00","","-0.55%"
"05/24/2023","75.41","75.41","75.41","75.41","","0.57%"
"05/23/2023","74.99","74.99","74.99","74.99","","0.30%"
"05/22/2023","74.77","74.77","74.77","74.77","","0.21%"
"05/19/2023","74.61","74.61","74.61","74.61","","-0.20%"
"05/18/2023","74.76","74.76","74.76","74.76","","-0.57%"
"05/17/2023","75.18","75.18","75.18","75.18","","1.03%"
"05/16/2023","74.42","74.42","74.42","74.42","","-0.16%"
"05/15/2023","74.54","74.54","74.54","74.54","","0.71%"
"05/12/2023","74.01","74.01","74.01","74.01","","-0.98%"
"05/11/2023","74.74","74.74","74.74","74.74","","-1.19%"
"05/10/2023","75.64","75.64","75.64","75.64","","-1.19%"
"05/09/2023","76.55","76.55","76.55","76.55","","0.39%"
"05/08/2023","76.25","76.25","76.25","76.25","","1.83%"
"05/05/2023","74.88","74.88","74.88","74.88","","3.28%"
"05/04/2023","72.50","72.50","72.50","72.50","","0.31%"
"05/03/2023","72.28","72.28","72.28","72.28","","-3.65%"
"05/02/2023","75.01","75.01","75.01","75.01","","-5.33%"
"05/01/2023","79.24","79.24","79.24","79.24","","-5.00%"
"04/28/2023","83.41","83.41","83.41","83.41","","0.11%"
"04/27/2023","83.32","83.32","83.32","83.32","","0.11%"
"04/26/2023","83.23","83.23","83.23","83.23","","-0.46%"
"04/25/2023","83.62","83.62","83.62","83.62","","-0.34%"
"04/24/2023","83.90","83.90","83.90","83.90","","0.23%"
"04/21/2023","83.71","83.71","83.71","83.71","","0.19%"
"04/20/2023","83.55","83.55","83.55","83.55","","-0.96%"
"04/19/2023","84.36","84.36","84.36","84.36","","-0.75%"
"04/18/2023","85.00","85.00","85.00","85.00","","0.05%"
"04/17/2023","84.95","84.95","84.95","84.95","","-0.81%"
"04/14/2023","85.64","85.64","85.64","85.64","","0.03%"
"04/13/2023","85.61","85.61","85.61","85.61","","-0.85%"
"04/12/2023","86.35","86.35","86.35","86.35","","1.36%"
"04/11/2023","85.19","85.19","85.19","85.19","","1.08%"
"04/10/2023","84.28","84.28","84.28","84.28","","-0.84%"
"04/06/2023","84.99","84.99","84.99","84.99","","0.47%"
"04/05/2023","84.59","84.59","84.59","84.59","","0.15%"
"04/04/2023","84.47","84.47","84.47","84.47","","-0.26%"
"04/03/2023","84.69","84.69","84.69","84.69","","7.89%"
"03/31/2023","78.49","78.49","78.49","78.49","","0.03%"
"03/30/2023","78.47","78.47","78.47","78.47","","0.08%"
"03/29/2023","78.41","78.41","78.41","78.41","","-0.05%"
"03/28/2023","78.45","78.45","78.45","78.45","","0.06%"
"03/27/2023","78.40","78.40","78.40","78.40","","0.70%"
"03/24/2023","77.86","77.86","77.86","77.86","","-0.36%"
"03/23/2023","78.13","78.13","78.13","78.13","","-0.28%"
"03/22/2023","78.35","78.35","78.35","78.35","","0.49%"
"03/21/2023","77.97","77.97","77.97","77.97","","0.78%"
"03/20/2023","77.37","77.37","77.37","77.37","","0.30%"
"03/17/2023","77.14","77.14","77.14","77.14","","-0.92%"
"03/16/2023","77.85","77.85","77.85","77.85","","0.77%"
"03/15/2023","77.25","77.25","77.25","77.25","","-2.46%"
"03/14/2023","79.20","79.20","79.20","79.20","","-2.24%"
"03/13/2023","81.01","81.01","81.01","81.01","","-1.39%"
"03/10/2023","82.16","82.16","82.16","82.16","","1.13%"
"03/09/2023","81.24","81.24","81.24","81.24","","-0.89%"
"03/08/2023","81.97","81.97","81.97","81.97","","-0.12%"
"03/07/2023","82.07","82.07","82.07","82.07","","-2.76%"
"03/06/2023","84.40","84.40","84.40","84.40","","0.10%"
"03/03/2023","84.31","84.31","84.31","84.31","","1.51%"
"03/02/2023","83.06","83.06","83.06","83.06","","0.87%"
"03/01/2023","82.35","82.34","82.34","82.34","","0.32%"
"02/28/2023","82.08","82.08","82.08","82.08","","0.04%"
"02/27/2023","82.05","82.05","82.05","82.05","","-0.09%"
"02/24/2023","82.12","82.12","82.12","82.12","","0.17%"
"02/23/2023","81.98","81.98","81.98","81.98","","0.36%"
"02/22/2023","81.69","81.69","81.69","81.69","","-0.58%"
"02/21/2023","82.17","82.17","82.17","82.17","","0.12%"
"02/17/2023","82.07","82.07","82.07","82.07","","-0.92%"
"02/16/2023","82.83","82.83","82.83","82.83","","-0.14%"
"02/15/2023","82.95","82.95","82.95","82.95","","-0.12%"
"02/14/2023","83.05","83.05","83.05","83.05","","-0.56%"
"02/13/2023","83.52","83.52","83.52","83.52","","0.44%"
"02/10/2023","83.15","83.15","83.15","83.15","","1.58%"
"02/09/2023","81.86","81.86","81.86","81.86","","-0.37%"
"02/08/2023","82.17","82.17","82.17","82.17","","1.21%"
"02/07/2023","81.19","81.19","81.19","81.19","","2.80%"
"02/06/2023","78.97","78.97","78.97","78.97","","1.12%"
"02/03/2023","78.10","78.10","78.10","78.10","","-2.47%"
"02/02/2023","80.07","80.07","80.07","80.07","","-0.31%"
"02/01/2023","80.32","80.32","80.32","80.32","","-0.07%"
"01/31/2023","80.38","80.38","80.38","80.38","","-0.04%"
"01/30/2023","80.42","80.42","80.42","80.42","","-0.21%"
"01/27/2023","80.58","80.58","80.58","80.58","","-0.19%"
"01/26/2023","80.74","80.74","80.74","80.74","","0.20%"
"01/25/2023","80.57","80.57","80.57","80.57","","-0.03%"
"01/24/2023","80.60","80.60","80.60","80.60","","-0.58%"
"01/23/2023","81.07","81.07","81.07","81.07","","0.09%"
"01/20/2023","81.00","81.00","81.00","81.00","","0.63%"
"01/19/2023","80.49","80.49","80.49","80.49","","0.38%"
"01/18/2023","80.19","80.19","80.19","80.19","","-0.59%"
"01/17/2023","80.66","80.66","80.66","80.66","","0.80%"
"01/13/2023","80.02","80.02","80.02","80.02","","0.80%"
"01/12/2023","79.39","79.39","79.39","79.39","","0.90%"
"01/11/2023","78.68","78.68","78.68","78.68","","2.10%"
"01/10/2023","77.06","77.06","77.06","77.06","","0.83%"
"01/09/2023","76.43","76.43","76.43","76.43","","1.37%"
"01/06/2023","75.40","75.40","75.40","75.40","","-0.08%"
"01/05/2023","75.46","75.46","75.46","75.46","","1.03%"
"01/04/2023","74.69","74.69","74.69","74.69","","-4.13%"
"01/03/2023","77.91","77.91","77.91","77.91","","0.92%"
"12/30/2022","77.20","77.20","77.20","77.20","","-0.06%"
"12/29/2022","77.24","77.24","77.24","77.24","","-0.20%"
"12/28/2022","77.39","77.39","77.39","77.39","","-0.16%"
"12/27/2022","77.52","77.52","77.52","77.52","","0.05%"
"12/23/2022","77.48","77.48","77.48","77.48","","0.79%"
"12/22/2022","76.87","76.87","76.87","76.87","","-0.29%"
"12/21/2022","77.10","77.10","77.10","77.10","","0.91%"
"12/20/2022","76.40","76.40","76.40","76.40","","0.13%"
"12/19/2022","76.31","76.31","76.31","76.31","","0.55%"
"12/16/2022","75.89","75.89","75.89","75.89","","-1.31%"
"12/15/2022","76.90","76.90","76.90","76.90","","-0.99%"
"12/14/2022","77.67","77.67","77.67","77.67","","1.36%"
"12/13/2022","76.62","76.62","76.62","76.62","","1.99%"
"12/12/2022","75.13","75.13","75.13","75.13","","1.93%"
"12/09/2022","73.71","73.71","73.71","73.71","","0.35%"
"12/08/2022","73.45","73.45","73.45","73.45","","-0.57%"
"12/07/2022","73.88","73.88","73.88","73.88","","-1.65%"
"12/06/2022","75.12","75.12","75.12","75.12","","-3.10%"
"12/05/2022","77.52","77.52","77.52","77.52","","-3.22%"
"12/02/2022","80.10","80.10","80.10","80.10","","-1.04%"
"12/01/2022","80.94","80.94","80.94","80.94","","-6.13%"
"11/30/2022","86.22","86.22","86.22","86.22","","0.04%"
"11/29/2022","86.19","86.19","86.19","86.19","","0.25%"
"11/28/2022","85.97","85.97","85.97","85.97","","0.21%"
"11/25/2022","85.79","85.79","85.79","85.79","","-0.11%"
"11/23/2022","85.88","85.88","85.88","85.88","","-0.83%"
"11/22/2022","86.60","86.60","86.60","86.60","","-0.02%"
"11/21/2022","86.62","86.62","86.62","86.62","","-0.27%"
"11/18/2022","86.86","86.86","86.86","86.86","","-0.84%"
"11/17/2022","87.59","87.59","87.59","87.59","","-1.52%"
"11/16/2022","88.94","88.94","88.94","88.94","","-0.56%"
"11/15/2022","89.44","89.44","89.44","89.44","","-0.07%"
"11/14/2022","89.50","89.50","89.50","89.50","","-1.77%"
"11/11/2022","91.11","91.11","91.11","91.11","","1.96%"
"11/10/2022","89.36","89.36","89.36","89.36","","0.63%"
"11/09/2022","88.80","88.80","88.80","88.80","","-2.01%"
"11/08/2022","90.62","90.62","90.62","90.62","","-2.23%"
"11/07/2022","92.68","92.69","92.69","92.69","","-1.01%"
"11/04/2022","93.63","93.63","93.63","93.63","","4.62%"
"11/03/2022","89.50","89.50","89.50","89.50","","-2.58%"
"11/02/2022","91.87","91.87","91.87","91.87","","0.71%"
"11/01/2022","91.22","91.22","91.22","91.22","","0.10%"
"10/31/2022","91.13","91.13","91.13","91.13","","0.02%"
"10/28/2022","91.11","91.11","91.11","91.11","","-0.17%"
"10/27/2022","91.26","91.27","91.27","91.27","","0.11%"
"10/26/2022","91.16","91.16","91.16","91.16","","0.35%"
"10/25/2022","90.84","90.84","90.84","90.84","","-0.04%"
"10/24/2022","90.88","90.88","90.88","90.88","","-0.08%"
"10/21/2022","90.95","90.95","90.95","90.95","","0.45%"
"10/20/2022","90.54","90.54","90.54","90.54","","0.02%"
"10/19/2022","90.53","90.53","90.53","90.53","","0.68%"
"10/18/2022","89.92","89.92","89.92","89.92","","-0.87%"
"10/17/2022","90.71","90.71","90.71","90.71","","-0.09%"
"10/14/2022","90.79","90.78","90.78","90.78","","-1.77%"
"10/13/2022","92.42","92.42","92.42","92.42","","0.92%"
"10/12/2022","91.58","91.58","91.58","91.58","","-1.46%"
"10/11/2022","92.93","92.93","92.93","92.93","","-1.57%"
"10/10/2022","94.42","94.42","94.42","94.42","","-1.44%"
"10/07/2022","95.80","95.80","95.80","95.80","","3.03%"
"10/06/2022","92.98","92.98","92.98","92.98","","0.93%"
"10/05/2022","92.12","92.12","92.12","92.12","","1.34%"
"10/04/2022","90.90","90.90","90.90","90.90","","3.27%"
"10/03/2022","88.03","88.03","88.03","88.03","","-3.17%"
"09/30/2022","90.91","90.91","90.91","90.91","","0.11%"
"09/29/2022","90.81","90.81","90.81","90.81","","-0.10%"
"09/28/2022","90.90","90.91","90.91","90.91","","0.20%"
"09/27/2022","90.72","90.72","90.72","90.72","","0.24%"
"09/26/2022","90.50","90.50","90.50","90.50","","-0.57%"
"09/23/2022","91.02","91.02","91.02","91.02","","-1.26%"
"09/22/2022","92.18","92.18","92.18","92.18","","0.39%"
"09/21/2022","91.81","91.81","91.81","91.81","","-0.10%"
"09/20/2022","91.90","91.90","91.90","91.90","","-0.60%"
"09/19/2022","92.46","92.46","92.46","92.46","","0.22%"
"09/16/2022","92.26","92.26","92.26","92.26","","0.30%"
"09/15/2022","91.98","91.98","91.98","91.98","","-1.47%"
"09/14/2022","93.35","93.35","93.35","93.35","","0.91%"
"09/13/2022","92.51","92.51","92.51","92.51","","-0.91%"
"09/12/2022","93.36","93.36","93.36","93.36","","0.63%"
"09/09/2022","92.78","92.78","92.78","92.78","","2.89%"
"09/08/2022","90.17","90.17","90.17","90.17","","0.91%"
"09/07/2022","89.36","89.36","89.36","89.36","","-4.05%"
"09/06/2022","93.13","93.13","93.13","93.13","","0.57%"
"09/02/2022","92.60","92.60","92.60","92.60","","0.56%"
"09/01/2022","92.08","92.08","92.08","92.08","","-4.68%"
"08/31/2022","96.60","96.60","96.60","96.60","","0.10%"
"08/30/2022","96.51","96.51","96.51","96.51","","-0.39%"
"08/29/2022","96.88","96.88","96.88","96.88","","0.36%"
"08/26/2022","96.53","96.53","96.53","96.53","","0.31%"
"08/25/2022","96.23","96.23","96.23","96.23","","-0.24%"
"08/24/2022","96.46","96.46","96.46","96.46","","0.05%"
"08/23/2022","96.41","96.41","96.41","96.41","","1.07%"
"08/22/2022","95.39","95.39","95.39","95.39","","0.00%"
"08/19/2022","95.39","95.39","95.39","95.39","","0.22%"
"08/18/2022","95.18","95.18","95.18","95.18","","1.21%"
"08/17/2022","94.04","94.04","94.04","94.04","","0.62%"
"08/16/2022","93.46","93.46","93.46","93.46","","-1.59%"
"08/15/2022","94.97","94.97","94.97","94.97","","-1.57%"
"08/12/2022","96.48","96.48","96.48","96.48","","-1.73%"
"08/11/2022","98.18","98.18","98.18","98.18","","1.35%"
"08/10/2022","96.87","96.87","96.87","96.87","","0.93%"
"08/09/2022","95.97","95.97","95.97","95.97","","-0.07%"
"08/08/2022","96.04","96.04","96.04","96.04","","1.73%"
"08/05/2022","94.41","94.41","94.41","94.41","","0.35%"
"08/04/2022","94.08","94.08","94.08","94.08","","-1.97%"
"08/03/2022","95.97","95.97","95.97","95.97","","-3.45%"
"08/02/2022","99.40","99.40","99.40","99.40","","1.56%"
"08/01/2022","97.87","97.87","97.87","97.87","","-5.09%"
"07/29/2022","103.12","103.12","103.12","103.12","","0.32%"
"07/28/2022","102.80","102.80","102.80","102.80","","0.05%"
"07/27/2022","102.75","102.75","102.75","102.75","","0.09%"
"07/26/2022","102.66","102.66","102.66","102.66","","0.03%"
"07/25/2022","102.63","102.63","102.63","102.63","","0.31%"
"07/22/2022","102.32","102.32","102.32","102.32","","-0.23%"
"07/21/2022","102.55","102.55","102.55","102.55","","-0.96%"
"07/20/2022","103.54","103.54","103.54","103.54","","-0.23%"
"07/19/2022","103.78","103.78","103.78","103.78","","0.19%"
"07/18/2022","103.58","103.58","103.58","103.58","","2.52%"
"07/15/2022","101.03","101.03","101.03","101.03","","1.34%"
"07/14/2022","99.70","99.70","99.70","99.70","","-0.30%"
"07/13/2022","100.00","100.00","100.00","100.00","","0.87%"
"07/12/2022","99.14","99.14","99.14","99.14","","-4.93%"
"07/11/2022","104.28","104.28","104.28","104.28","","0.05%"
"07/08/2022","104.22","104.22","104.22","104.22","","2.16%"
"07/07/2022","102.02","102.02","102.02","102.02","","3.07%"
"07/06/2022","98.98","98.98","98.98","98.98","","-1.74%"
"07/05/2022","100.73","100.73","100.73","100.73","","-6.63%"
"07/01/2022","107.89","107.89","107.89","107.89","","-4.73%"
"06/30/2022","113.24","113.24","113.24","113.24","","0.19%"
"06/29/2022","113.02","113.02","113.02","113.02","","-0.07%"
"06/28/2022","113.11","113.11","113.11","113.11","","0.36%"
"06/27/2022","112.70","112.70","112.70","112.70","","0.36%"
"06/24/2022","112.30","112.30","112.30","112.30","","0.39%"
"06/23/2022","111.86","111.86","111.86","111.86","","-0.43%"
"06/22/2022","112.34","112.34","112.34","112.34","","-0.89%"
"06/21/2022","113.34","113.34","113.34","113.34","","0.55%"
"06/17/2022","112.72","112.72","112.72","112.72","","-2.27%"
"06/16/2022","115.34","115.34","115.34","115.34","","0.87%"
"06/15/2022","114.35","114.35","114.35","114.35","","-1.17%"
"06/14/2022","115.71","115.71","115.71","115.71","","-0.80%"
"06/13/2022","116.64","116.64","116.64","116.64","","-0.03%"
"06/10/2022","116.67","116.67","116.67","116.67","","-0.36%"
"06/09/2022","117.09","117.09","117.09","117.09","","-0.35%"
"06/08/2022","117.50","117.50","117.50","117.50","","1.92%"
"06/07/2022","115.29","115.29","115.29","115.29","","1.12%"
"06/06/2022","114.01","114.01","114.01","114.01","","0.16%"
"06/03/2022","113.83","113.83","113.83","113.83","","1.62%"
"06/02/2022","112.02","112.02","112.02","112.02","","1.01%"
"06/01/2022","110.91","110.91","110.91","110.91","","2.57%"
"05/31/2022","108.13","108.13","108.13","108.13","","0.35%"
"05/27/2022","107.75","107.75","107.75","107.75","","0.11%"
"05/26/2022","107.64","107.64","107.64","107.64","","0.44%"
"05/25/2022","107.17","107.17","107.17","107.17","","0.00%"
"05/24/2022","107.17","107.17","107.17","107.17","","-0.14%"
"05/23/2022","107.32","107.32","107.32","107.32","","0.10%"
"05/20/2022","107.21","107.21","107.21","107.21","","0.21%"
"05/19/2022","106.99","106.99","106.99","106.99","","1.38%"
"05/18/2022","105.53","105.53","105.53","105.53","","-1.26%"
"05/17/2022","106.88","106.88","106.88","106.88","","-1.40%"
"05/16/2022","108.40","108.40","108.40","108.40","","1.09%"
"05/13/2022","107.23","107.23","107.23","107.23","","2.45%"
"05/12/2022","104.66","104.66","104.66","104.66","","0.10%"
"05/11/2022","104.56","104.56","104.56","104.56","","4.12%"
"05/10/2022","100.43","100.43","100.43","100.43","","-2.30%"
"05/09/2022","102.79","102.79","102.79","102.79","","-4.44%"
"05/06/2022","107.57","107.57","107.57","107.57","","1.10%"
"05/05/2022","106.40","106.40","106.40","106.40","","0.41%"
"05/04/2022","105.97","105.97","105.97","105.97","","2.50%"
"05/03/2022","103.39","103.39","103.39","103.39","","-0.45%"
"05/02/2022","103.86","103.86","103.86","103.86","","1.04%"
"04/29/2022","102.79","102.79","102.79","102.79","","0.02%"
"04/28/2022","102.76","102.76","102.76","102.76","","0.07%"
"04/27/2022","102.69","102.69","102.69","102.69","","0.00%"
"04/26/2022","102.69","102.69","102.69","102.69","","0.39%"
"04/25/2022","102.30","102.30","102.30","102.30","","-1.09%"
"04/22/2022","103.43","103.43","103.43","103.43","","-0.40%"
"04/21/2022","103.85","103.85","103.85","103.85","","0.71%"
"04/20/2022","103.12","103.12","103.12","103.12","","0.02%"
"04/19/2022","103.09","103.09","103.09","103.09","","-2.22%"
"04/18/2022","105.44","105.44","105.44","105.44","","0.59%"
"04/14/2022","104.82","104.82","104.82","104.82","","1.08%"
"04/13/2022","103.70","103.70","103.70","103.70","","2.18%"
"04/12/2022","101.49","101.49","101.49","101.49","","4.61%"
"04/11/2022","97.02","97.02","97.02","97.02","","-2.71%"
"04/08/2022","99.72","99.72","99.72","99.72","","1.31%"
"04/07/2022","98.42","98.42","98.42","98.42","","-0.39%"
"04/06/2022","98.81","98.81","98.81","98.81","","-4.32%"
"04/05/2022","103.27","103.27","103.27","103.27","","-1.43%"
"04/04/2022","104.77","104.77","104.77","104.77","","2.86%"
"04/01/2022","101.85","101.85","101.85","101.85","","-8.15%"
"03/31/2022","110.89","110.89","110.89","110.89","","0.00%"
"03/30/2022","110.89","110.89","110.89","110.89","","0.31%"
"03/29/2022","110.55","110.55","110.55","110.55","","-0.26%"
"03/28/2022","110.84","110.84","110.84","110.84","","-1.12%"
"03/25/2022","112.10","112.10","112.10","112.10","","0.25%"
"03/24/2022","111.82","111.82","111.82","111.82","","-0.68%"
"03/23/2022","112.59","112.59","112.59","112.59","","1.04%"
"03/22/2022","111.43","111.43","111.43","111.43","","-0.27%"
"03/21/2022","111.73","111.73","111.73","111.73","","2.52%"
"03/18/2022","108.99","108.99","108.99","108.99","","0.19%"
"03/17/2022","108.78","108.78","108.78","108.78","","3.71%"
"03/16/2022","104.89","104.89","104.89","104.89","","-0.83%"
"03/15/2022","105.76","105.76","105.76","105.76","","-3.13%"
"03/14/2022","109.18","109.18","109.18","109.18","","-3.03%"
"03/11/2022","112.59","112.59","112.59","112.59","","2.17%"
"03/10/2022","110.20","110.20","110.20","110.20","","-0.59%"
"03/09/2022","110.86","110.86","110.86","110.86","","-9.53%"
"03/08/2022","122.53","122.53","122.53","122.53","","3.68%"
"03/07/2022","118.18","118.18","118.18","118.18","","2.81%"
"03/04/2022","114.95","114.95","114.95","114.95","","7.86%"
"03/03/2022","106.58","106.58","106.58","106.58","","-2.58%"
"03/02/2022","109.40","109.40","109.40","109.40","","7.25%"
"03/01/2022","102.00","102.00","102.00","102.00","","10.47%"
"02/28/2022","92.34","92.34","92.34","92.34","","0.45%"
"02/25/2022","91.93","91.93","91.93","91.93","","-0.16%"
"02/24/2022","92.07","92.07","92.07","92.07","","0.40%"
"02/23/2022","91.70","91.70","91.70","91.70","","-0.15%"
"02/22/2022","91.84","91.84","91.84","91.84","","1.04%"
"02/18/2022","90.90","90.90","90.90","90.90","","0.25%"
"02/17/2022","90.67","90.67","90.67","90.67","","-0.97%"
"02/16/2022","91.56","91.56","91.56","91.56","","0.77%"
"02/15/2022","90.86","90.86","90.86","90.86","","-1.89%"
"02/14/2022","92.61","92.61","92.61","92.61","","0.89%"
"02/11/2022","91.79","91.79","91.79","91.79","","2.08%"
"02/10/2022","89.92","89.92","89.92","89.92","","0.04%"
"02/09/2022","89.88","89.88","89.88","89.88","","0.67%"
"02/08/2022","89.28","89.28","89.28","89.28","","-1.63%"
"02/07/2022","90.76","90.76","90.76","90.76","","-0.33%"
"02/04/2022","91.06","91.06","91.06","91.06","","2.13%"
"02/03/2022","89.16","89.16","89.16","89.16","","1.58%"
"02/02/2022","87.77","87.77","87.77","87.77","","0.40%"
"02/01/2022","87.42","87.42","87.42","87.42","","4.76%"
"01/31/2022","83.45","83.45","83.45","83.45","","0.11%"
"01/28/2022","83.36","83.36","83.36","83.36","","0.04%"
"01/27/2022","83.33","83.33","83.33","83.33","","-0.07%"
"01/26/2022","83.39","83.39","83.39","83.39","","0.22%"
"01/25/2022","83.21","83.21","83.21","83.21","","0.41%"
"01/24/2022","82.87","82.87","82.87","82.87","","-0.50%"
"01/21/2022","83.29","83.29","83.29","83.29","","-0.25%"
"01/20/2022","83.50","83.50","83.50","83.50","","-0.07%"
"01/19/2022","83.56","83.56","83.56","83.56","","0.41%"
"01/18/2022","83.22","83.22","83.22","83.22","","1.15%"
"01/14/2022","82.27","82.27","82.27","82.27","","1.19%"
"01/13/2022","81.30","81.30","81.30","81.30","","-0.05%"
"01/12/2022","81.34","81.34","81.34","81.34","","0.68%"
"01/11/2022","80.79","80.79","80.79","80.79","","2.41%"
"01/10/2022","78.89","78.89","78.89","78.89","","-0.80%"
"01/07/2022","79.53","79.53","79.53","79.53","","-0.20%"
"01/06/2022","79.69","79.69","79.69","79.69","","1.12%"
"01/05/2022","78.81","78.81","78.81","78.81","","1.00%"
"01/04/2022","78.03","78.03","78.03","78.03","","1.30%"
"01/03/2022","77.03","77.03","77.03","77.03","","5.25%"
"12/31/2021","73.19","73.19","73.19","73.19","","-0.01%"
"12/30/2021","73.20","73.20","73.20","73.20","","-0.01%"
"12/29/2021","73.21","73.21","73.21","73.21","","0.06%"
"12/28/2021","73.16","73.16","73.16","73.16","","-0.05%"
"12/27/2021","73.20","73.20","73.20","73.20","","0.29%"
"12/23/2021","72.99","72.99","72.99","72.99","","0.39%"
"12/22/2021","72.71","72.71","72.71","72.71","","0.39%"
"12/21/2021","72.42","72.42","72.42","72.42","","1.07%"
"12/20/2021","71.65","71.66","71.66","71.66","","-1.07%"
"12/17/2021","72.43","72.43","72.43","72.43","","-0.81%"
"12/16/2021","73.02","73.02","73.02","73.02","","0.88%"
"12/15/2021","72.38","72.38","72.38","72.38","","0.22%"
"12/14/2021","72.22","72.22","72.22","72.22","","-0.67%"
"12/13/2021","72.71","72.71","72.71","72.71","","-0.66%"
"12/10/2021","73.19","73.19","73.19","73.19","","0.65%"
"12/09/2021","72.72","72.72","72.72","72.72","","-1.32%"
"12/08/2021","73.69","73.69","73.69","73.69","","0.21%"
"12/07/2021","73.54","73.54","73.54","73.54","","2.64%"
"12/06/2021","71.65","71.65","71.65","71.65","","3.98%"
"12/03/2021","68.91","68.91","68.91","68.91","","0.43%"
"12/02/2021","68.62","68.62","68.62","68.62","","1.30%"
"12/01/2021","67.73","67.73","67.73","67.73","","-15.62%"
"11/30/2021","80.28","80.28","80.28","80.28","","-0.04%"
"11/29/2021","80.31","80.31","80.31","80.31","","0.28%"
"11/26/2021","80.08","80.08","80.08","80.08","","-1.38%"
"11/24/2021","81.20","81.20","81.20","81.20","","-0.02%"
"11/23/2021","81.22","81.22","81.22","81.22","","0.83%"
"11/22/2021","80.55","80.55","80.55","80.55","","0.27%"
"11/19/2021","80.33","80.33","80.33","80.33","","-0.96%"
"11/18/2021","81.11","81.11","81.11","81.11","","0.43%"
"11/17/2021","80.76","80.76","80.76","80.76","","-1.11%"
"11/16/2021","81.67","81.67","81.67","81.67","","0.32%"
"11/15/2021","81.41","81.41","81.41","81.41","","-0.09%"
"11/12/2021","81.48","81.48","81.48","81.48","","-0.23%"
"11/11/2021","81.67","81.67","81.67","81.67","","0.49%"
"11/10/2021","81.27","81.27","81.27","81.27","","-1.59%"
"11/09/2021","82.58","82.58","82.58","82.58","","1.18%"
"11/08/2021","81.62","81.62","81.62","81.62","","0.84%"
"11/05/2021","80.94","80.94","80.94","80.94","","2.52%"
"11/04/2021","78.95","78.95","78.95","78.95","","-1.51%"
"11/03/2021","80.16","80.16","80.16","80.16","","-2.88%"
"11/02/2021","82.54","82.54","82.54","82.54","","0.18%"
"11/01/2021","82.38","82.38","82.38","82.38","","0.98%"
"10/29/2021","81.58","81.58","81.58","81.58","","0.04%"
"10/28/2021","81.55","81.55","81.55","81.55","","-0.06%"
"10/27/2021","81.60","81.60","81.60","81.60","","-0.27%"
"10/26/2021","81.82","81.82","81.82","81.82","","0.11%"
"10/25/2021","81.73","81.73","81.73","81.73","","0.14%"
"10/22/2021","81.61","81.61","81.61","81.61","","0.22%"
"10/21/2021","81.44","81.44","81.44","81.44","","-0.46%"
"10/20/2021","81.81","81.81","81.81","81.81","","0.24%"
"10/19/2021","81.61","81.61","81.61","81.61","","0.37%"
"10/18/2021","81.31","81.31","81.31","81.31","","-0.24%"
"10/15/2021","81.51","81.51","81.51","81.51","","0.69%"
"10/14/2021","80.95","80.95","80.95","80.95","","0.63%"
"10/13/2021","80.45","80.45","80.45","80.45","","-0.17%"
"10/12/2021","80.58","80.58","80.58","80.58","","-0.12%"
"10/11/2021","80.68","80.68","80.68","80.68","","1.15%"
"10/08/2021","79.76","79.76","79.76","79.76","","0.39%"
"10/07/2021","79.45","79.45","79.45","79.45","","0.96%"
"10/06/2021","78.69","78.69","78.69","78.69","","-1.28%"
"10/05/2021","79.71","79.71","79.71","79.71","","1.51%"
"10/04/2021","78.52","78.52","78.52","78.52","","2.29%"
"10/01/2021","76.77","76.77","76.77","76.77","","5.73%"
"09/30/2021","72.61","72.61","72.61","72.61","","0.05%"
"09/29/2021","72.57","72.57","72.57","72.57","","-0.08%"
"09/28/2021","72.63","72.63","72.63","72.63","","0.02%"
"09/27/2021","72.61","72.61","72.61","72.61","","0.22%"
"09/24/2021","72.45","72.45","72.45","72.45","","0.13%"
"09/23/2021","72.35","72.35","72.35","72.35","","0.29%"
"09/22/2021","72.14","72.14","72.14","72.14","","0.79%"
"09/21/2021","71.57","71.57","71.57","71.57","","0.30%"
"09/20/2021","71.36","71.36","71.36","71.36","","-0.78%"
"09/17/2021","71.92","71.92","71.92","71.92","","-0.22%"
"09/16/2021","72.07","72.07","72.07","72.07","","-0.02%"
"09/15/2021","72.09","72.09","72.09","72.09","","1.26%"
"09/14/2021","71.19","71.19","71.19","71.19","","0.12%"
"09/13/2021","71.11","71.11","71.11","71.11","","0.58%"
"09/10/2021","70.70","70.70","70.70","70.70","","1.54%"
"09/09/2021","69.63","69.63","69.63","69.63","","-1.06%"
"09/08/2021","70.38","70.38","70.38","70.38","","0.96%"
"09/07/2021","69.71","69.71","69.71","69.71","","-1.32%"
"09/03/2021","70.64","70.64","70.64","70.64","","-0.81%"
"09/02/2021","71.22","71.22","71.22","71.22","","1.85%"
"09/01/2021","69.92","69.92","69.92","69.92","","0.63%"
"08/31/2021","69.49","69.49","69.49","69.49","","0.03%"
"08/30/2021","69.46","69.46","69.46","69.46","","0.03%"
"08/27/2021","69.44","69.44","69.44","69.44","","0.29%"
"08/26/2021","69.24","69.24","69.24","69.24","","-0.31%"
"08/25/2021","69.45","69.45","69.45","69.45","","0.21%"
"08/24/2021","69.31","69.31","69.31","69.31","","0.80%"
"08/23/2021","68.76","68.76","68.76","68.76","","1.72%"
"08/20/2021","67.60","67.60","67.60","67.60","","-0.63%"
"08/19/2021","68.03","68.03","68.03","68.03","","-1.33%"
"08/18/2021","68.95","68.95","68.95","68.95","","-0.56%"
"08/17/2021","69.33","69.33","69.33","69.33","","-0.28%"
"08/16/2021","69.53","69.53","69.53","69.53","","-0.75%"
"08/13/2021","70.05","70.05","70.05","70.05","","-0.55%"
"08/12/2021","70.44","70.44","70.44","70.44","","0.02%"
"08/11/2021","70.42","70.42","70.42","70.42","","1.02%"
"08/10/2021","69.71","69.71","69.71","69.71","","1.78%"
"08/09/2021","68.49","68.49","68.49","68.49","","-1.79%"
"08/06/2021","69.74","69.74","69.74","69.74","","-0.68%"
"08/05/2021","70.22","70.22","70.22","70.22","","1.21%"
"08/04/2021","69.39","69.39","69.39","69.39","","-2.20%"
"08/03/2021","70.95","70.95","70.95","70.95","","-0.60%"
"08/02/2021","71.37","71.37","71.37","71.37","","-2.10%"
"07/30/2021","72.90","72.90","72.90","72.90","","0.01%"
"07/29/2021","72.89","72.89","72.89","72.89","","0.11%"
"07/28/2021","72.81","72.81","72.81","72.81","","0.00%"
"07/27/2021","72.81","72.81","72.81","72.81","","-0.03%"
"07/26/2021","72.83","72.83","72.83","72.83","","-0.05%"
"07/23/2021","72.87","72.87","72.87","72.87","","0.08%"
"07/22/2021","72.81","72.81","72.81","72.81","","0.73%"
"07/21/2021","72.28","72.28","72.28","72.28","","1.40%"
"07/20/2021","71.28","71.28","71.28","71.28","","0.39%"
"07/19/2021","71.01","71.01","71.01","71.01","","-2.62%"
"07/16/2021","72.92","72.92","72.92","72.92","","0.12%"
"07/15/2021","72.83","72.83","72.83","72.83","","-0.89%"
"07/14/2021","73.48","73.48","73.48","73.48","","-1.18%"
"07/13/2021","74.36","74.36","74.36","74.36","","1.12%"
"07/12/2021","73.54","73.54","73.54","73.54","","-0.24%"
"07/09/2021","73.72","73.72","73.72","73.72","","1.57%"
"07/08/2021","72.58","72.58","72.58","72.58","","0.68%"
"07/07/2021","72.08","72.08","72.08","72.08","","-1.16%"
"07/06/2021","72.93","72.93","72.93","72.93","","-1.76%"
"07/02/2021","74.23","74.23","74.23","74.23","","0.48%"
"07/01/2021","73.88","73.88","73.88","73.88","","3.23%"
"06/30/2021","71.57","71.57","71.57","71.57","","0.00%"
"06/29/2021","71.57","71.57","71.57","71.57","","0.05%"
"06/28/2021","71.54","71.54","71.54","71.54","","-0.16%"
"06/25/2021","71.65","71.65","71.65","71.65","","0.08%"
"06/24/2021","71.60","71.60","71.60","71.60","","0.11%"
"06/23/2021","71.52","71.52","71.52","71.52","","0.15%"
"06/22/2021","71.41","71.41","71.41","71.41","","-0.09%"
"06/21/2021","71.48","71.48","71.48","71.48","","0.57%"
"06/18/2021","71.07","71.07","71.07","71.07","","0.19%"
"06/17/2021","70.94","70.94","70.94","70.94","","-0.87%"
"06/16/2021","71.56","71.56","71.56","71.56","","0.24%"
"06/15/2021","71.39","71.39","71.39","71.39","","0.86%"
"06/14/2021","70.78","70.78","70.78","70.78","","0.24%"
"06/11/2021","70.61","70.61","70.61","70.61","","0.13%"
"06/10/2021","70.52","70.52","70.52","70.52","","0.25%"
"06/09/2021","70.34","70.34","70.34","70.34","","-0.03%"
"06/08/2021","70.36","70.36","70.36","70.36","","0.75%"
"06/07/2021","69.84","69.84","69.84","69.84","","-0.27%"
"06/04/2021","70.03","70.03","70.03","70.03","","0.81%"
"06/03/2021","69.47","69.47","69.47","69.47","","-0.04%"
"06/02/2021","69.50","69.50","69.50","69.50","","1.47%"
"06/01/2021","68.49","68.49","68.49","68.49","","3.34%"
"05/28/2021","66.28","66.28","66.28","66.28","","-0.06%"
"05/27/2021","66.32","66.32","66.32","66.32","","-0.03%"
"05/26/2021","66.33","66.33","66.33","66.33","","0.05%"
"05/25/2021","66.30","66.30","66.30","66.30","","0.06%"
"05/24/2021","66.26","66.26","66.26","66.26","","0.82%"
"05/21/2021","65.73","65.73","65.73","65.73","","0.51%"
"05/20/2021","65.39","65.39","65.39","65.39","","-0.79%"
"05/19/2021","65.92","65.92","65.92","65.92","","-1.09%"
"05/18/2021","66.64","66.64","66.64","66.64","","-0.27%"
"05/17/2021","66.82","66.82","66.82","66.82","","0.74%"
"05/14/2021","66.33","66.33","66.33","66.33","","1.39%"
"05/13/2021","65.42","65.42","65.42","65.42","","-2.02%"
"05/12/2021","66.77","66.77","66.77","66.77","","0.68%"
"05/11/2021","66.32","66.32","66.32","66.32","","0.18%"
"05/10/2021","66.20","66.20","66.20","66.20","","0.09%"
"05/07/2021","66.15","66.15","66.15","66.15","","0.21%"
"05/06/2021","66.01","66.01","66.01","66.01","","-0.97%"
"05/05/2021","66.65","66.65","66.65","66.65","","0.47%"
"05/04/2021","66.35","66.35","66.35","66.35","","2.03%"
"05/03/2021","65.03","65.03","65.03","65.03","","3.39%"
"04/30/2021","62.89","62.89","62.89","62.89","","0.00%"
"04/29/2021","62.90","62.90","62.90","62.90","","0.13%"
"04/28/2021","62.81","62.81","62.81","62.81","","0.11%"
"04/27/2021","62.75","62.75","62.75","62.75","","0.21%"
"04/26/2021","62.62","62.62","62.62","62.62","","-0.30%"
"04/23/2021","62.80","62.80","62.80","62.80","","0.19%"
"04/22/2021","62.68","62.68","62.68","62.68","","-0.05%"
"04/21/2021","62.71","62.71","62.71","62.71","","-0.81%"
"04/20/2021","63.23","63.23","63.23","63.23","","-0.39%"
"04/19/2021","63.47","63.47","63.47","63.47","","0.09%"
"04/16/2021","63.42","63.42","63.42","63.42","","-0.10%"
"04/15/2021","63.48","63.48","63.48","63.48","","0.34%"
"04/14/2021","63.26","63.26","63.26","63.26","","2.82%"
"04/13/2021","61.53","61.53","61.53","61.53","","0.37%"
"04/12/2021","61.30","61.30","61.30","61.30","","0.19%"
"04/09/2021","61.19","61.19","61.19","61.19","","-0.45%"
"04/08/2021","61.47","61.47","61.47","61.47","","0.02%"
"04/07/2021","61.46","61.46","61.46","61.46","","0.82%"
"04/06/2021","60.96","60.96","60.96","60.96","","0.41%"
"04/05/2021","60.71","60.71","60.71","60.71","","-4.05%"
"04/01/2021","63.27","63.27","63.27","63.27","","-1.78%"
"03/31/2021","64.41","64.41","64.41","64.41","","0.01%"
"03/30/2021","64.41","64.41","64.41","64.41","","-0.02%"
"03/29/2021","64.42","64.42","64.42","64.42","","-0.02%"
"03/26/2021","64.43","64.43","64.43","64.43","","0.61%"
"03/25/2021","64.05","64.05","64.05","64.05","","-0.71%"
"03/24/2021","64.50","64.50","64.50","64.50","","1.23%"
"03/23/2021","63.72","63.72","63.72","63.72","","-1.52%"
"03/22/2021","64.71","64.71","64.71","64.71","","0.21%"
"03/19/2021","64.57","64.57","64.57","64.57","","1.05%"
"03/18/2021","63.90","63.90","63.90","63.90","","-2.84%"
"03/17/2021","65.77","65.77","65.77","65.77","","-0.43%"
"03/16/2021","66.05","66.05","66.05","66.05","","-0.49%"
"03/15/2021","66.38","66.38","66.38","66.38","","-0.19%"
"03/12/2021","66.50","66.50","66.50","66.50","","-0.22%"
"03/11/2021","66.65","66.65","66.65","66.65","","1.69%"
"03/10/2021","65.54","65.54","65.54","65.54","","0.26%"
"03/09/2021","65.37","65.37","65.37","65.37","","-0.70%"
"03/08/2021","65.84","65.84","65.84","65.84","","-1.58%"
"03/05/2021","66.89","66.89","66.89","66.89","","3.23%"
"03/04/2021","64.80","64.80","64.80","64.80","","3.59%"
"03/03/2021","62.55","62.55","62.55","62.55","","2.00%"
"03/02/2021","61.33","61.33","61.33","61.33","","-1.53%"
"03/01/2021","62.28","62.28","62.28","62.28","","2.34%"
"02/26/2021","60.85","60.85","60.85","60.85","","0.03%"
"02/25/2021","60.84","60.84","60.84","60.84","","0.04%"
"02/24/2021","60.81","60.81","60.81","60.81","","0.29%"
"02/23/2021","60.63","60.63","60.63","60.63","","0.02%"
"02/22/2021","60.62","60.62","60.62","60.62","","0.70%"
"02/19/2021","60.20","60.20","60.20","60.20","","-0.66%"
"02/18/2021","60.59","60.59","60.59","60.59","","-0.49%"
"02/17/2021","60.89","60.89","60.89","60.89","","0.48%"
"02/16/2021","60.60","60.60","60.60","60.60","","0.61%"
"02/12/2021","60.23","60.23","60.23","60.23","","1.13%"
"02/11/2021","59.56","59.56","59.56","59.56","","-0.23%"
"02/10/2021","59.69","59.69","59.69","59.69","","0.10%"
"02/09/2021","59.63","59.63","59.63","59.63","","0.45%"
"02/08/2021","59.36","59.36","59.36","59.36","","1.65%"
"02/05/2021","58.40","58.40","58.40","58.40","","0.74%"
"02/04/2021","57.97","57.97","57.97","57.97","","0.48%"
"02/03/2021","57.69","57.69","57.69","57.69","","1.73%"
"02/02/2021","56.71","56.71","56.71","56.71","","1.88%"
"02/01/2021","55.66","55.66","55.66","55.66","","1.62%"
"01/29/2021","54.77","54.77","54.77","54.77","","0.02%"
"01/28/2021","54.76","54.76","54.76","54.76","","-0.09%"
"01/27/2021","54.81","54.81","54.81","54.81","","-0.02%"
"01/26/2021","54.82","54.82","54.82","54.82","","-0.08%"
"01/25/2021","54.87","54.87","54.87","54.87","","0.20%"
"01/22/2021","54.76","54.76","54.76","54.76","","-0.35%"
"01/21/2021","54.95","54.95","54.95","54.95","","-0.02%"
"01/20/2021","54.97","54.97","54.97","54.97","","0.14%"
"01/19/2021","54.89","54.89","54.89","54.89","","0.66%"
"01/15/2021","54.53","54.53","54.53","54.53","","-1.15%"
"01/14/2021","55.17","55.17","55.17","55.17","","0.37%"
"01/13/2021","54.96","54.96","54.96","54.96","","-0.73%"
"01/12/2021","55.37","55.37","55.37","55.37","","1.08%"
"01/11/2021","54.78","54.78","54.78","54.78","","-0.51%"
"01/08/2021","55.06","55.06","55.06","55.06","","2.37%"
"01/07/2021","53.78","53.78","53.78","53.78","","0.28%"
"01/06/2021","53.63","53.63","53.63","53.63","","1.50%"
"01/05/2021","52.84","52.84","52.84","52.84","","4.40%"
"01/04/2021","50.61","50.61","50.61","50.61","","1.60%"
"12/31/2020","49.81","49.81","49.81","49.81","","0.00%"
"12/30/2020","49.82","49.82","49.82","49.82","","0.07%"
"12/29/2020","49.78","49.78","49.78","49.78","","0.01%"
"12/28/2020","49.77","49.77","49.77","49.77","","-0.13%"
"12/24/2020","49.84","49.84","49.84","49.84","","0.04%"
"12/23/2020","49.81","49.81","49.81","49.81","","0.49%"
"12/22/2020","49.57","49.57","49.57","49.57","","-0.58%"
"12/21/2020","49.86","49.86","49.86","49.86","","-0.96%"
"12/18/2020","50.34","50.34","50.34","50.34","","0.53%"
"12/17/2020","50.08","50.08","50.08","50.08","","0.23%"
"12/16/2020","49.96","49.96","49.96","49.96","","0.30%"
"12/15/2020","49.81","49.81","49.81","49.81","","0.72%"
"12/14/2020","49.46","49.46","49.46","49.46","","0.48%"
"12/11/2020","49.22","49.22","49.22","49.22","","-0.13%"
"12/10/2020","49.29","49.29","49.29","49.29","","1.80%"
"12/09/2020","48.42","48.42","48.42","48.42","","0.28%"
"12/08/2020","48.28","48.28","48.28","48.28","","0.12%"
"12/07/2020","48.23","48.23","48.23","48.23","","-0.26%"
"12/04/2020","48.35","48.35","48.35","48.35","","0.65%"
"12/03/2020","48.04","48.04","48.04","48.04","","0.78%"
"12/02/2020","47.67","47.67","47.67","47.67","","1.51%"
"12/01/2020","46.96","46.96","46.96","46.96","","8.22%"
"11/30/2020","43.39","43.39","43.39","43.39","","-0.10%"
"11/27/2020","43.44","43.44","43.44","43.44","","-0.19%"
"11/25/2020","43.52","43.52","43.52","43.52","","0.29%"
"11/24/2020","43.40","43.40","43.40","43.40","","0.74%"
"11/23/2020","43.08","43.08","43.08","43.08","","0.55%"
"11/20/2020","42.84","42.84","42.84","42.84","","0.57%"
"11/19/2020","42.60","42.60","42.60","42.60","","-0.22%"
"11/18/2020","42.69","42.69","42.69","42.69","","0.48%"
"11/17/2020","42.49","42.49","42.49","42.49","","-0.08%"
"11/16/2020","42.52","42.52","42.52","42.52","","1.55%"
"11/13/2020","41.87","41.87","41.87","41.87","","-1.17%"
"11/12/2020","42.37","42.37","42.37","42.37","","0.03%"
"11/11/2020","42.36","42.36","42.36","42.36","","0.39%"
"11/10/2020","42.19","42.19","42.19","42.19","","1.90%"
"11/09/2020","41.40","41.40","41.40","41.40","","5.40%"
"11/06/2020","39.28","39.28","39.28","39.28","","-2.14%"
"11/05/2020","40.14","40.14","40.14","40.14","","-1.00%"
"11/04/2020","40.55","40.55","40.55","40.55","","3.54%"
"11/03/2020","39.16","39.16","39.16","39.16","","2.11%"
"11/02/2020","38.36","38.36","38.36","38.36","","-5.67%"
"10/30/2020","40.66","40.66","40.66","40.66","","-0.05%"
"10/29/2020","40.68","40.68","40.68","40.68","","-0.17%"
"10/28/2020","40.75","40.75","40.75","40.75","","-0.56%"
"10/27/2020","40.98","40.98","40.98","40.98","","0.23%"
"10/26/2020","40.89","40.89","40.89","40.89","","-0.62%"
"10/23/2020","41.14","41.14","41.14","41.14","","-0.40%"
"10/22/2020","41.31","41.31","41.31","41.31","","0.58%"
"10/21/2020","41.07","41.07","41.07","41.07","","-1.26%"
"10/20/2020","41.59","41.59","41.59","41.59","","0.52%"
"10/19/2020","41.37","41.37","41.37","41.37","","-0.26%"
"10/16/2020","41.48","41.48","41.48","41.48","","-0.40%"
"10/15/2020","41.65","41.65","41.65","41.65","","-0.31%"
"10/14/2020","41.78","41.78","41.78","41.78","","1.31%"
"10/13/2020","41.24","41.24","41.24","41.24","","1.13%"
"10/12/2020","40.78","40.78","40.78","40.78","","-1.69%"
"10/09/2020","41.48","41.48","41.48","41.48","","-0.94%"
"10/08/2020","41.88","41.88","41.88","41.88","","2.19%"
"10/07/2020","40.98","40.98","40.98","40.98","","-1.41%"
"10/06/2020","41.56","41.56","41.56","41.56","","2.83%"
"10/05/2020","40.42","40.42","40.42","40.42","","5.04%"
"10/02/2020","38.48","38.48","38.48","38.48","","-4.53%"
"10/01/2020","40.30","40.30","40.30","40.30","","-2.87%"
"09/30/2020","41.49","41.49","41.49","41.49","","-0.09%"
"09/29/2020","41.53","41.53","41.53","41.53","","-0.22%"
"09/28/2020","41.62","41.62","41.62","41.62","","0.05%"
"09/25/2020","41.60","41.60","41.60","41.60","","0.09%"
"09/24/2020","41.56","41.56","41.56","41.56","","0.19%"
"09/23/2020","41.49","41.49","41.49","41.49","","-0.02%"
"09/22/2020","41.50","41.50","41.50","41.50","","0.21%"
"09/21/2020","41.41","41.41","41.41","41.41","","-1.43%"
"09/18/2020","42.01","42.01","42.01","42.01","","-0.02%"
"09/17/2020","42.02","42.02","42.02","42.02","","1.06%"
"09/16/2020","41.58","41.58","41.58","41.58","","2.18%"
"09/15/2020","40.69","40.69","40.69","40.69","","1.34%"
"09/14/2020","40.15","40.15","40.15","40.15","","-0.23%"
"09/11/2020","40.24","40.24","40.24","40.24","","-0.01%"
"09/10/2020","40.25","40.25","40.25","40.25","","-1.29%"
"09/09/2020","40.78","40.78","40.78","40.78","","1.44%"
"09/08/2020","40.20","40.20","40.20","40.20","","-5.67%"
"09/04/2020","42.61","42.61","42.61","42.61","","-2.29%"
"09/03/2020","43.61","43.61","43.61","43.61","","-0.50%"
"09/02/2020","43.83","43.83","43.83","43.83","","-2.27%"
"09/01/2020","44.85","44.85","44.85","44.85","","1.95%"
"08/31/2020","43.99","43.99","43.99","43.99","","0.10%"
"08/28/2020","43.94","43.94","43.94","43.94","","-0.05%"
"08/27/2020","43.96","43.96","43.96","43.96","","0.00%"
"08/26/2020","43.96","43.96","43.96","43.96","","-0.09%"
"08/25/2020","44.00","44.00","44.00","44.00","","0.20%"
"08/24/2020","43.91","43.91","43.91","43.91","","0.50%"
"08/21/2020","43.69","43.69","43.69","43.69","","-0.21%"
"08/20/2020","43.78","43.78","43.78","43.78","","-0.39%"
"08/19/2020","43.96","43.96","43.96","43.96","","-0.01%"
"08/18/2020","43.96","43.96","43.96","43.96","","0.42%"
"08/17/2020","43.78","43.78","43.78","43.78","","0.89%"
"08/14/2020","43.39","43.39","43.39","43.39","","-0.45%"
"08/13/2020","43.59","43.59","43.59","43.59","","-0.87%"
"08/12/2020","43.97","43.97","43.97","43.97","","1.36%"
"08/11/2020","43.38","43.38","43.38","43.38","","-0.92%"
"08/10/2020","43.78","43.78","43.78","43.78","","1.03%"
"08/07/2020","43.33","43.33","43.33","43.33","","-0.64%"
"08/06/2020","43.61","43.61","43.61","43.61","","-0.60%"
"08/05/2020","43.88","43.88","43.88","43.88","","1.11%"
"08/04/2020","43.40","43.40","43.40","43.40","","0.02%"
"08/03/2020","43.39","43.39","43.39","43.39","","1.98%"
"07/31/2020","42.54","42.54","42.54","42.54","","-1.70%"
"07/30/2020","43.28","43.28","43.28","43.28","","-0.04%"
"07/29/2020","43.29","43.29","43.29","43.29","","0.03%"
"07/28/2020","43.28","43.28","43.28","43.28","","-0.12%"
"07/27/2020","43.33","43.33","43.33","43.33","","0.11%"
"07/24/2020","43.28","43.28","43.28","43.28","","-0.04%"
"07/23/2020","43.30","43.30","43.30","43.30","","-0.72%"
"07/22/2020","43.62","43.62","43.62","43.62","","0.08%"
"07/21/2020","43.58","43.58","43.58","43.58","","1.22%"
"07/20/2020","43.05","43.05","43.05","43.05","","0.13%"
"07/17/2020","43.00","43.00","43.00","43.00","","-0.70%"
"07/16/2020","43.30","43.30","43.30","43.30","","-1.10%"
"07/15/2020","43.78","43.78","43.78","43.78","","1.31%"
"07/14/2020","43.22","43.22","43.22","43.22","","0.28%"
"07/13/2020","43.10","43.10","43.10","43.10","","-0.70%"
"07/10/2020","43.40","43.40","43.40","43.40","","1.43%"
"07/09/2020","42.79","42.79","42.79","42.79","","-1.16%"
"07/08/2020","43.29","43.29","43.29","43.29","","0.47%"
"07/07/2020","43.09","43.09","43.09","43.09","","0.46%"
"07/06/2020","42.89","42.89","42.89","42.89","","-0.72%"
"07/02/2020","43.20","43.20","43.20","43.20","","2.23%"
"07/01/2020","42.26","42.26","42.26","42.26","","3.60%"
"06/30/2020","40.79","40.79","40.79","40.79","","-0.01%"
"06/29/2020","40.80","40.80","40.80","40.80","","-0.02%"
"06/26/2020","40.81","40.81","40.81","40.81","","0.05%"
"06/25/2020","40.78","40.78","40.78","40.78","","0.35%"
"06/24/2020","40.64","40.64","40.64","40.64","","-0.97%"
"06/23/2020","41.04","41.04","41.04","41.04","","-0.20%"
"06/22/2020","41.12","41.12","41.12","41.12","","0.12%"
"06/19/2020","41.07","41.07","41.07","41.07","","1.09%"
"06/18/2020","40.63","40.63","40.63","40.63","","1.00%"
"06/17/2020","40.23","40.23","40.23","40.23","","-0.14%"
"06/16/2020","40.28","40.28","40.28","40.28","","1.08%"
"06/15/2020","39.85","39.85","39.85","39.85","","0.89%"
"06/12/2020","39.50","39.50","39.50","39.50","","0.15%"
"06/11/2020","39.44","39.44","39.44","39.44","","-5.01%"
"06/10/2020","41.52","41.52","41.52","41.52","","1.72%"
"06/09/2020","40.82","40.82","40.82","40.82","","0.31%"
"06/08/2020","40.69","40.69","40.69","40.69","","-1.51%"
"06/05/2020","41.32","41.32","41.32","41.32","","5.53%"
"06/04/2020","39.15","39.15","39.15","39.15","","-0.27%"
"06/03/2020","39.26","39.26","39.26","39.26","","0.21%"
"06/02/2020","39.17","39.17","39.17","39.17","","2.23%"
"06/01/2020","38.32","38.32","38.32","38.32","","25.77%"
"05/29/2020","30.47","30.47","30.47","30.47","","-0.15%"
"05/28/2020","30.51","30.51","30.51","30.51","","0.28%"
"05/27/2020","30.43","30.43","30.43","30.43","","-0.53%"
"05/26/2020","30.59","30.59","30.59","30.59","","0.82%"
"05/22/2020","30.34","30.34","30.34","30.34","","-0.92%"
"05/21/2020","30.62","30.62","30.62","30.62","","0.18%"
"05/20/2020","30.57","30.57","30.57","30.57","","0.49%"
"05/19/2020","30.42","30.42","30.42","30.42","","-0.42%"
"05/18/2020","30.55","30.55","30.55","30.55","","2.51%"
"05/15/2020","29.80","29.80","29.80","29.80","","2.05%"
"05/14/2020","29.20","29.20","29.20","29.20","","9.45%"
"05/13/2020","26.68","26.68","26.68","26.68","","-0.48%"
"05/12/2020","26.81","26.81","26.81","26.81","","-1.69%"
"05/11/2020","27.27","27.27","27.27","27.27","","-4.45%"
"05/08/2020","28.54","28.54","28.54","28.54","","5.16%"
"05/07/2020","27.14","27.14","27.14","27.14","","-0.77%"
"05/06/2020","27.35","27.35","27.35","27.35","","-5.49%"
"05/05/2020","28.94","28.94","28.94","28.94","","10.46%"
"05/04/2020","26.20","26.20","26.20","26.20","","3.56%"
"05/01/2020","25.30","25.30","25.30","25.30","","24.08%"
"04/30/2020","20.39","20.39","20.39","20.39","","0.05%"
"04/29/2020","20.38","20.38","20.38","20.38","","-0.15%"
"04/28/2020","20.41","20.41","20.41","20.41","","0.20%"
"04/27/2020","20.37","20.37","20.37","20.37","","-0.39%"
"04/24/2020","20.45","20.45","20.45","20.45","","0.00%"
"04/23/2020","20.45","20.45","20.45","20.45","","2.25%"
"04/22/2020","20.00","20.00","20.00","20.00","","4.88%"
"04/21/2020","19.07","19.07","19.07","19.07","","-11.18%"
"04/20/2020","21.47","21.47","21.47","21.47","","-3.42%"
"04/17/2020","22.23","22.23","22.23","22.23","","2.40%"
"04/16/2020","21.71","21.71","21.71","21.71","","1.16%"
"04/15/2020","21.46","21.46","21.46","21.46","","-2.28%"
"04/14/2020","21.96","21.96","21.96","21.96","","-11.24%"
"04/13/2020","24.74","24.74","24.74","24.74","","6.36%"
"04/09/2020","23.26","23.26","23.26","23.26","","-11.09%"
"04/08/2020","26.16","26.16","26.16","26.16","","0.62%"
"04/07/2020","26.00","26.00","26.00","26.00","","-5.28%"
"04/06/2020","27.45","27.45","27.45","27.45","","-6.60%"
"04/03/2020","29.39","29.39","29.39","29.39","","12.35%"
"04/02/2020","26.16","26.16","26.16","26.16","","16.47%"